Артикул,Название,Бренд,Цена,В наличии,Категория,Ссылка,Описание,Пол,Семейства,Верхние ноты,Ноты сердца,Базовые ноты,Концентрация,"Объём, мл",Сезоны,Поводы,Интенсивность,Стойкость,Есть пробник
FR-2001,Linen Morning,Sillage Nord,5490,да,Парфюмерия,https://lumiere.example/p/FR-2001,Аромат чистого белья и утренней свежести.,unisex,"fresh_aquatic,green","бергамот,альдегиды","белый чай,ландыш","белый мускус,кедр",edt,50,"spring,summer","daily,office",light,medium,да
FR-2002,Thé Vert,Maison Orée,6290,да,Парфюмерия,https://lumiere.example/p/FR-2002,Прозрачный зелёный чай с цитрусами.,unisex,"green,citrus","лимон,мята","зелёный чай,жасмин","мускус,ветивер",edt,50,"spring,summer","daily,office",light,low,да
FR-2003,Clean Skin,Bois Clair,4890,да,Парфюмерия,https://lumiere.example/p/FR-2003,Мускусный аромат «чистой кожи» без сладости.,unisex,fresh_aquatic,"груша,альдегиды","ирис,хлопок","белый мускус,амброксан",edp,50,"spring,summer,autumn","daily,office",light,high,да
FR-2004,Fig Leaf,Atelier Nuit,7490,да,Парфюмерия,https://lumiere.example/p/FR-2004,Зелёный инжир с древесной базой.,unisex,"green,woody","листья инжира,бергамот","инжир,фиалка","кедр,кокосовое молоко",edp,50,"spring,summer",daily,moderate,medium,да
FR-2005,Neroli Bay,Sillage Nord,5990,да,Парфюмерия,https://lumiere.example/p/FR-2005,Цитрусовый морской аромат для жары.,unisex,"citrus,fresh_aquatic","нероли,грейпфрут","морская соль,флёрдоранж","мускус,амбретта",edc,100,summer,daily,light,low,нет
FR-2101,Pivoine Douce,Maison Orée,5790,да,Парфюмерия,https://lumiere.example/p/FR-2101,Лёгкий пионовый букет для офиса.,female,floral,"личи,бергамот","пион,роза","белый мускус,кедр",edp,50,"spring,summer","daily,office",light,medium,да
FR-2102,Jardin Blanc,Fleur de Sel Parfums,4590,да,Парфюмерия,https://lumiere.example/p/FR-2102,Весенний сад с ландышем.,female,"floral,green","зелёные листья,груша","ландыш,жасмин",мускус,edt,50,spring,"daily,office",light,low,да
FR-2103,Rose Poudrée,Atelier Nuit,6890,да,Парфюмерия,https://lumiere.example/p/FR-2103,Пудровая роза с мягкой ванилью.,female,floral,"розовый перец,бергамот","роза,ирис","ваниль,мускус",edp,50,"autumn,winter,spring","daily,evening",moderate,high,да
FR-2104,Fleur d'Oranger,Fleur de Sel Parfums,3990,да,Парфюмерия,https://lumiere.example/p/FR-2104,Солнечный флёрдоранж.,female,"floral,citrus","мандарин,петитгрейн","флёрдоранж,нероли",мускус,edt,30,"spring,summer","daily,office",light,low,да
FR-2105,Tuberose Nuit,Ambre Lune,8990,да,Парфюмерия,https://lumiere.example/p/FR-2105,Насыщенная вечерняя тубероза.,female,"floral,oriental_amber",кардамон,"тубероза,жасмин самбак","амбра,сандал",parfum,50,"autumn,winter","evening,special",strong,high,нет
FR-2106,Magnolia Rain,Sillage Nord,5490,да,Парфюмерия,https://lumiere.example/p/FR-2106,Свежая магнолия после дождя.,female,"floral,fresh_aquatic","дождевые аккорды,бергамот","магнолия,фрезия",белый мускус,edt,50,spring,"daily,office",light,medium,да
FR-2107,Violette Soie,Maison Orée,6490,нет,Парфюмерия,https://lumiere.example/p/FR-2107,Шёлковая фиалка с ягодной нотой.,female,floral,"малина,бергамот","фиалка,ирис","мускус,кедр",edp,50,"spring,autumn","daily,office",moderate,medium,да
FR-2108,Jasmine Tea,Fleur de Sel Parfums,5290,да,Парфюмерия,https://lumiere.example/p/FR-2108,Жасмин с нотой чая — нежно и спокойно.,female,"floral,green",бергамот,"жасмин,зелёный чай",мускус,edp,30,"spring,summer","daily,office",light,medium,да
FR-2201,Vetiver Gris,Bois Clair,8490,да,Парфюмерия,https://lumiere.example/p/FR-2201,Сухой дымный ветивер.,male,woody,"грейпфрут,перец","ветивер,шалфей","кедр,дубовый мох",edp,100,"autumn,winter,spring","daily,office,evening",moderate,high,да
FR-2202,Cèdre Noir,Atelier Nuit,9490,да,Парфюмерия,https://lumiere.example/p/FR-2202,Насыщенный кедр с кожей для вечера.,male,"woody,leather","кардамон,бергамот","кедр,кожа","ветивер,амбра",edp,100,"autumn,winter","evening,special",strong,high,да
FR-2203,Vétiver Frais,Sillage Nord,6990,да,Парфюмерия,https://lumiere.example/p/FR-2203,Свежий цитрусовый ветивер на каждый день.,male,"woody,citrus","лимон,бергамот","ветивер,имбирь","кедр,мускус",edt,100,"spring,summer","daily,office",moderate,medium,да
FR-2204,Santal Brun,Ambre Lune,9990,да,Парфюмерия,https://lumiere.example/p/FR-2204,Тёплый сливочный сандал с ветивером.,unisex,"woody,oriental_amber",кардамон,"сандал,папирус","ветивер,амбра,бобы тонка",parfum,50,"autumn,winter","evening,special",strong,high,нет
FR-2205,Fougère Royale,Maison Orée,7290,да,Парфюмерия,https://lumiere.example/p/FR-2205,Классический фужер.,male,"fougere,woody","лаванда,бергамот","герань,папоротник","кумарин,ветивер,мох",edp,100,"autumn,spring","daily,office",moderate,high,да
FR-2206,Iso Wood,Bois Clair,6490,да,Парфюмерия,https://lumiere.example/p/FR-2206,Минималистичный древесный аромат.,unisex,woody,перец,ветивер,"изо э супер,кашмеран",edp,50,"autumn,winter,spring","daily,office",moderate,high,да
FR-2207,Marine Cedar,Sillage Nord,5990,да,Парфюмерия,https://lumiere.example/p/FR-2207,Морская свежесть с кедром.,male,"fresh_aquatic,woody","морская соль,грейпфрут",розмарин,"кедр,амброксан",edt,100,"summer,spring",daily,moderate,medium,да
FR-2208,Tabac Velours,Atelier Nuit,11490,да,Парфюмерия,https://lumiere.example/p/FR-2208,Бархатный табак с ромом.,male,"oriental_amber,leather","ром,пряности","табак,кожа","ваниль,бобы тонка",parfum,50,winter,"evening,special",strong,high,нет
FR-2301,Vanille Tabac,Ambre Lune,7990,да,Парфюмерия,https://lumiere.example/p/FR-2301,Тёплый табак с ванилью и ромом.,unisex,"oriental_amber,gourmand","ром,гвоздика","табак,какао","ваниль,бобы тонка",edp,50,"autumn,winter",evening,strong,high,да
FR-2302,Vanille d'Été,Fleur de Sel Parfums,5490,да,Парфюмерия,https://lumiere.example/p/FR-2302,Лёгкая солнечная ваниль с ромовой нотой.,unisex,"gourmand,citrus","бергамот,ром","ваниль,цветок тиаре","бобы тонка,мускус",edt,50,"summer,spring",daily,light,medium,да
FR-2303,Ambre Soleil,Ambre Lune,6990,да,Парфюмерия,https://lumiere.example/p/FR-2303,Прозрачная амбра с цитрусами для тёплого сезона.,unisex,"oriental_amber,citrus","мандарин,розовый перец","амбра,флёрдоранж","бензоин,мускус",edt,50,"summer,spring","daily,evening",moderate,medium,да
FR-2304,Tonka Breeze,Bois Clair,5990,да,Парфюмерия,https://lumiere.example/p/FR-2304,Табачный лист и тонка — легче зимних гурманов.,unisex,"gourmand,woody",имбирь,"бобы тонка,табачный лист","кедр,ваниль",edt,50,"summer,spring,autumn",daily,moderate,medium,да
FR-2305,Caramel Noir,Atelier Nuit,8490,да,Парфюмерия,https://lumiere.example/p/FR-2305,Сладкий карамельный гурман.,female,"gourmand,oriental_amber",груша,"карамель,пралине","ваниль,пачули",edp,50,"autumn,winter",evening,strong,high,нет
FR-2306,Coco Sun,Sillage Nord,4990,да,Парфюмерия,https://lumiere.example/p/FR-2306,Пляжный кокос с цветами.,female,"gourmand,floral","кокос,бергамот","тиаре,жасмин","ваниль,мускус",edt,50,summer,daily,light,low,да
FR-2401,Chypre Moderne,Maison Orée,7990,да,Парфюмерия,https://lumiere.example/p/FR-2401,Современный шипр.,female,"chypre,floral",бергамот,"роза,пачули","дубовый мох,мускус",edp,50,"autumn,winter","office,evening",moderate,high,да
FR-2402,Cuir Blanc,Bois Clair,8990,да,Парфюмерия,https://lumiere.example/p/FR-2402,Мягкая белая замша.,unisex,"leather,floral",шафран,"замша,ирис","мускус,кедр",edp,50,"autumn,spring","office,evening",moderate,high,да
FR-2403,Bergamote 18,Fleur de Sel Parfums,3490,да,Парфюмерия,https://lumiere.example/p/FR-2403,Чистый бергамот.,unisex,citrus,"бергамот,лимон",нероли,мускус,edc,50,summer,daily,light,low,да
FR-2404,Iris Mist,Atelier Nuit,7690,да,Парфюмерия,https://lumiere.example/p/FR-2404,"Пудровый ирис, тихий и офисный.",female,"floral,woody",морковное семя,"ирис,фиалка","кедр,мускус",edp,50,"spring,autumn","office,daily",light,medium,да
FR-2501,Mini Linen Morning,Sillage Nord,1490,да,Миниатюры,https://lumiere.example/p/FR-2501,"Миниатюра аромата Linen Morning, 10 мл.",unisex,"fresh_aquatic,green","бергамот,альдегиды","белый чай,ландыш","белый мускус,кедр",edt,10,"spring,summer","daily,office",light,medium,нет
FR-2502,Mini Pivoine Douce,Maison Orée,1690,да,Миниатюры,https://lumiere.example/p/FR-2502,"Миниатюра аромата Pivoine Douce, 10 мл.",female,floral,"личи,бергамот","пион,роза","белый мускус,кедр",edp,10,"spring,summer","daily,office",light,medium,нет
