Артикул,Название,Бренд,Цена,В наличии,Категория,Ссылка,Описание,Тип средства,Тип кожи,Проблемы,Ключевые компоненты,Время применения,Текстура,"Объём, мл",SPF,Без отдушек,С ретиноидами,С кислотами,Без спирта,Состав (INCI),Способ применения
SK-1001,Мягкий гель для умывания с пантенолом,Calmea,890,да,Очищение,https://lumiere.example/p/SK-1001,"Бессульфатный гель для ежедневного умывания чувствительной и сухой кожи, не стягивает.",cleanser,"normal,dry,sensitive",redness,panthenol,both,gel,200,,да,нет,нет,да,"Aqua, Sodium Cocoyl Glycinate, Coco-Glucoside, Glycerin, Panthenol, Xanthan Gum, Ethylhexylglycerin, Phenoxyethanol","Нанесите на влажную кожу, помассируйте 30–60 секунд, смойте тёплой водой."
SK-1002,Очищающий гель с салициловой кислотой,Dermalia,1190,да,Очищение,https://lumiere.example/p/SK-1002,"Гель для жирной и комбинированной кожи: очищает поры, снимает жирный блеск.",cleanser,"oily,combination","breakouts,pores","bha,niacinamide",both,gel,200,,да,нет,да,да,"Aqua, Sodium Cocoyl Glycinate, Coco-Glucoside, Glycerin, Salicylic Acid, Niacinamide, Xanthan Gum, Ethylhexylglycerin, Phenoxyethanol","Нанесите на влажную кожу, помассируйте 30–60 секунд, смойте тёплой водой. Днём обязательно используйте SPF."
SK-1003,Гель-пенка с цинком и ниацинамидом,Nordic Pure,950,да,Очищение,https://lumiere.example/p/SK-1003,"Лёгкая пенка для жирной кожи, матирует и не пересушивает.",cleanser,"oily,combination","pores,breakouts",niacinamide,both,foam,150,,да,нет,нет,да,"Aqua, Sodium Cocoyl Glycinate, Coco-Glucoside, Glycerin, Niacinamide, Zinc PCA, Xanthan Gum, Ethylhexylglycerin, Phenoxyethanol","Нанесите на влажную кожу, помассируйте 30–60 секунд, смойте тёплой водой."
SK-1004,Гель для умывания с центеллой,Sora Skin,1290,нет,Очищение,https://lumiere.example/p/SK-1004,Успокаивающий гель для жирной и чувствительной кожи.,cleanser,"oily,combination,sensitive","redness,breakouts",centella,both,gel,180,,да,нет,нет,да,"Aqua, Sodium Cocoyl Glycinate, Coco-Glucoside, Glycerin, Centella Asiatica Extract, Madecassoside, Xanthan Gum, Ethylhexylglycerin, Phenoxyethanol","Нанесите на влажную кожу, помассируйте 30–60 секунд, смойте тёплой водой."
SK-1005,Кремовое молочко для снятия макияжа,Lumière Lab,1090,да,Очищение,https://lumiere.example/p/SK-1005,Нежное молочко для сухой кожи: снимает макияж и сохраняет липидный барьер.,cleanser,"dry,normal,sensitive",dehydration,ceramides,pm,milk,200,,да,нет,нет,да,"Aqua, Sodium Cocoyl Glycinate, Coco-Glucoside, Glycerin, Ceramide NP, Ceramide AP, Phytosphingosine, Xanthan Gum, Ethylhexylglycerin, Phenoxyethanol","Нанесите на влажную кожу, помассируйте 30–60 секунд, смойте тёплой водой."
SK-1006,Гидрофильное масло для умывания,Verde Botanica,1490,да,Очищение,https://lumiere.example/p/SK-1006,"Масло для первого этапа очищения, растворяет SPF и макияж; с ароматом лаванды.",cleanser,"normal,dry,combination",dullness,,pm,oil,150,,нет,нет,нет,да,"Aqua, Sodium Cocoyl Glycinate, Coco-Glucoside, Glycerin, Lavandula Angustifolia Oil, Parfum, Linalool, Xanthan Gum, Ethylhexylglycerin, Phenoxyethanol","Нанесите на влажную кожу, помассируйте 30–60 секунд, смойте тёплой водой."
SK-1101,Тонер с гиалуроновой кислотой,Aqualis,1390,да,Тонеры,https://lumiere.example/p/SK-1101,Увлажняющий тонер без спирта для обезвоженной кожи.,toner,"dry,normal,sensitive",dehydration,"hyaluronic_acid,panthenol",both,fluid,200,,да,нет,нет,да,"Aqua, Glycerin, Propanediol, Betaine, Sodium Hyaluronate, Panthenol, Xanthan Gum, Ethylhexylglycerin, Phenoxyethanol",Нанесите ладонями или ватным диском на очищенную кожу.
SK-1102,Отшелушивающий тонер с AHA 5%,Dermalia,1690,да,Тонеры,https://lumiere.example/p/SK-1102,Тонер с гликолевой и молочной кислотами для ровного тона и сияния.,toner,"normal,combination,oily","dullness,pores,pigmentation",aha,pm,fluid,150,,да,нет,да,да,"Aqua, Glycerin, Propanediol, Betaine, Glycolic Acid, Lactic Acid, Xanthan Gum, Ethylhexylglycerin, Phenoxyethanol",Нанесите ладонями или ватным диском на очищенную кожу. Днём обязательно используйте SPF.
SK-1103,Тонер с ниацинамидом и центеллой,Sora Skin,1490,да,Тонеры,https://lumiere.example/p/SK-1103,Успокаивающий тонер для жирной кожи с покраснениями.,toner,"oily,combination,sensitive","redness,pores","niacinamide,centella",both,fluid,200,,да,нет,нет,да,"Aqua, Glycerin, Propanediol, Betaine, Niacinamide, Centella Asiatica Extract, Madecassoside, Xanthan Gum, Ethylhexylglycerin, Phenoxyethanol",Нанесите ладонями или ватным диском на очищенную кожу.
SK-1104,Цветочный тонер с розовой водой,Verde Botanica,1190,да,Тонеры,https://lumiere.example/p/SK-1104,Освежающий тонер с розовой водой и ароматом розы.,toner,"normal,dry",dullness,,both,fluid,200,,нет,нет,нет,да,"Aqua, Glycerin, Propanediol, Betaine, Rosa Damascena Flower Water, Parfum, Citronellol, Geraniol, Xanthan Gum, Ethylhexylglycerin, Phenoxyethanol",Нанесите ладонями или ватным диском на очищенную кожу.
SK-1201,Сыворотка с ниацинамидом 10%,Nordic Pure,1590,да,Сыворотки,https://lumiere.example/p/SK-1201,Сыворотка для сужения видимых пор и выравнивания тона.,serum,"oily,combination,normal","pores,breakouts,post_acne",niacinamide,both,gel,30,,да,нет,нет,да,"Aqua, Glycerin, Propanediol, Pentylene Glycol, Niacinamide, Zinc PCA, Xanthan Gum, Ethylhexylglycerin, Phenoxyethanol",Нанесите 2–3 капли на очищенную кожу до крема.
SK-1202,Сыворотка с азелаиновой кислотой 10%,Dermalia,2290,да,Сыворотки,https://lumiere.example/p/SK-1202,"Лёгкая сыворотка для кожи, склонной к высыпаниям и постакне.",serum,"oily,combination,sensitive","breakouts,redness,post_acne","azelaic_acid,niacinamide",both,fluid,30,,да,нет,да,да,"Aqua, Glycerin, Propanediol, Pentylene Glycol, Azelaic Acid, Niacinamide, Xanthan Gum, Ethylhexylglycerin, Phenoxyethanol",Нанесите 2–3 капли на очищенную кожу до крема. Днём обязательно используйте SPF.
SK-1203,Сыворотка-гель с BHA 2%,Calmea,1890,да,Сыворотки,https://lumiere.example/p/SK-1203,Отшелушивающий гель для очищения пор при жирной коже.,serum,"oily,combination","pores,breakouts",bha,pm,gel,30,,да,нет,да,да,"Aqua, Glycerin, Propanediol, Pentylene Glycol, Salicylic Acid, Xanthan Gum, Ethylhexylglycerin, Phenoxyethanol",Нанесите 2–3 капли на очищенную кожу до крема. Днём обязательно используйте SPF.
SK-1204,Увлажняющая сыворотка с гиалуроновой кислотой,Aqualis,1490,да,Сыворотки,https://lumiere.example/p/SK-1204,Сыворотка с гиалуроновой кислотой разной молекулярной массы для обезвоженной кожи.,serum,"dry,normal,combination,sensitive",dehydration,"hyaluronic_acid,panthenol",both,gel,30,,да,нет,нет,да,"Aqua, Glycerin, Propanediol, Pentylene Glycol, Sodium Hyaluronate, Panthenol, Xanthan Gum, Ethylhexylglycerin, Phenoxyethanol",Нанесите 2–3 капли на очищенную кожу до крема.
SK-1205,Сыворотка с витамином C 15%,Lumière Lab,2790,да,Сыворотки,https://lumiere.example/p/SK-1205,Антиоксидантная сыворотка для сияния и выравнивания тона.,serum,"normal,combination,dry","pigmentation,dullness",vitamin_c,am,fluid,30,,да,нет,нет,да,"Aqua, Glycerin, Propanediol, Pentylene Glycol, 3-O-Ethyl Ascorbic Acid, Ferulic Acid, Xanthan Gum, Ethylhexylglycerin, Phenoxyethanol",Нанесите 2–3 капли на очищенную кожу до крема.
SK-1206,Сыворотка с витамином C и ниацинамидом,Sora Skin,1990,да,Сыворотки,https://lumiere.example/p/SK-1206,Лёгкая сыворотка для ровного тона и сияния.,serum,"normal,combination,oily","pigmentation,dullness,post_acne","vitamin_c,niacinamide",am,gel,30,,да,нет,нет,да,"Aqua, Glycerin, Propanediol, Pentylene Glycol, 3-O-Ethyl Ascorbic Acid, Niacinamide, Xanthan Gum, Ethylhexylglycerin, Phenoxyethanol",Нанесите 2–3 капли на очищенную кожу до крема.
SK-1207,Осветляющая сыворотка с азелаиновой кислотой и витамином C,Dermalia,2490,да,Сыворотки,https://lumiere.example/p/SK-1207,Сыворотка для работы с пигментными пятнами и следами постакне.,serum,"normal,combination","pigmentation,post_acne","azelaic_acid,vitamin_c",both,fluid,30,,да,нет,да,да,"Aqua, Glycerin, Propanediol, Pentylene Glycol, Azelaic Acid, 3-O-Ethyl Ascorbic Acid, Xanthan Gum, Ethylhexylglycerin, Phenoxyethanol",Нанесите 2–3 капли на очищенную кожу до крема. Днём обязательно используйте SPF.
SK-1208,"Сыворотка с ретинолом 0,3%",Lumière Lab,2690,да,Сыворотки,https://lumiere.example/p/SK-1208,Мягкая сыворотка с ретинолом для начинающих.,serum,"normal,combination,dry","aging,pigmentation,dullness","retinoid,ceramides",pm,fluid,30,,да,да,нет,да,"Aqua, Glycerin, Propanediol, Pentylene Glycol, Retinol, Ceramide NP, Ceramide AP, Phytosphingosine, Xanthan Gum, Ethylhexylglycerin, Phenoxyethanol",Нанесите 2–3 капли на очищенную кожу до крема. Днём обязательно используйте SPF. Не рекомендуется при беременности и кормлении.
SK-1209,Сыворотка с ретинолом 1%,Dermalia,3490,да,Сыворотки,https://lumiere.example/p/SK-1209,Интенсивная сыворотка с ретинолом для опытных пользователей.,serum,"normal,oily,combination","aging,post_acne,pores",retinoid,pm,fluid,30,,да,да,нет,да,"Aqua, Glycerin, Propanediol, Pentylene Glycol, Retinol, Xanthan Gum, Ethylhexylglycerin, Phenoxyethanol",Нанесите 2–3 капли на очищенную кожу до крема. Днём обязательно используйте SPF. Не рекомендуется при беременности и кормлении.
SK-1210,Пептидная сыворотка,Nordic Pure,2890,да,Сыворотки,https://lumiere.example/p/SK-1210,Сыворотка с пептидами для упругости кожи.,serum,"normal,dry,combination,sensitive","aging,dehydration","peptides,hyaluronic_acid",both,gel,30,,да,нет,нет,да,"Aqua, Glycerin, Propanediol, Pentylene Glycol, Palmitoyl Tripeptide-1, Palmitoyl Tetrapeptide-7, Sodium Hyaluronate, Xanthan Gum, Ethylhexylglycerin, Phenoxyethanol",Нанесите 2–3 капли на очищенную кожу до крема.
SK-1211,Успокаивающая сыворотка с центеллой,Calmea,1690,да,Сыворотки,https://lumiere.example/p/SK-1211,"Сыворотка для чувствительной кожи, снимает ощущение дискомфорта.",serum,"sensitive,dry,normal,combination","redness,dehydration","centella,panthenol",both,gel,30,,да,нет,нет,да,"Aqua, Glycerin, Propanediol, Pentylene Glycol, Centella Asiatica Extract, Madecassoside, Panthenol, Xanthan Gum, Ethylhexylglycerin, Phenoxyethanol",Нанесите 2–3 капли на очищенную кожу до крема.
SK-1212,Сыворотка для сияния с AHA и витамином C,Aqualis,2190,да,Сыворотки,https://lumiere.example/p/SK-1212,Сыворотка для тусклой кожи с лёгким цитрусовым ароматом.,serum,"normal,combination","dullness,pigmentation","aha,vitamin_c",pm,fluid,30,,нет,нет,да,да,"Aqua, Glycerin, Propanediol, Pentylene Glycol, Glycolic Acid, Lactic Acid, 3-O-Ethyl Ascorbic Acid, Parfum, Limonene, Xanthan Gum, Ethylhexylglycerin, Phenoxyethanol",Нанесите 2–3 капли на очищенную кожу до крема. Днём обязательно используйте SPF.
SK-1213,Сыворотка с ниацинамидом 5% и пантенолом,Calmea,1290,да,Сыворотки,https://lumiere.example/p/SK-1213,Мягкая сыворотка с ниацинамидом для чувствительной кожи.,serum,"sensitive,normal,dry","redness,dullness","niacinamide,panthenol",both,fluid,30,,да,нет,нет,да,"Aqua, Glycerin, Propanediol, Pentylene Glycol, Niacinamide, Panthenol, Xanthan Gum, Ethylhexylglycerin, Phenoxyethanol",Нанесите 2–3 капли на очищенную кожу до крема.
SK-1301,Крем с керамидами для сухой кожи,Calmea,1890,да,Кремы,https://lumiere.example/p/SK-1301,Плотный крем восстанавливает липидный барьер сухой кожи.,moisturizer,"dry,sensitive","dehydration,redness","ceramides,panthenol",both,cream,50,,да,нет,нет,да,"Aqua, Glycerin, Caprylic/Capric Triglyceride, Cetearyl Alcohol, Squalane, Ceramide NP, Ceramide AP, Phytosphingosine, Panthenol, Xanthan Gum, Ethylhexylglycerin, Phenoxyethanol",Нанесите на очищенную кожу последним шагом ухода (утром — до SPF).
SK-1302,Насыщенный крем с маслом ши,Lumière Lab,2490,да,Кремы,https://lumiere.example/p/SK-1302,Питательный крем-бальзам для очень сухой кожи.,moisturizer,dry,"dehydration,aging","ceramides,peptides",pm,balm,50,,да,нет,нет,да,"Aqua, Glycerin, Caprylic/Capric Triglyceride, Cetearyl Alcohol, Squalane, Ceramide NP, Ceramide AP, Phytosphingosine, Palmitoyl Tripeptide-1, Palmitoyl Tetrapeptide-7, Butyrospermum Parkii Butter, Xanthan Gum, Ethylhexylglycerin, Phenoxyethanol",Нанесите на очищенную кожу последним шагом ухода (утром — до SPF).
SK-1303,Увлажняющий крем с гиалуроновой кислотой,Aqualis,1690,да,Кремы,https://lumiere.example/p/SK-1303,"Лёгкий крем для обезвоженной кожи, комфортен под макияж.",moisturizer,"dry,normal",dehydration,"hyaluronic_acid,ceramides",both,cream,50,,да,нет,нет,да,"Aqua, Glycerin, Caprylic/Capric Triglyceride, Cetearyl Alcohol, Squalane, Sodium Hyaluronate, Ceramide NP, Ceramide AP, Phytosphingosine, Xanthan Gum, Ethylhexylglycerin, Phenoxyethanol",Нанесите на очищенную кожу последним шагом ухода (утром — до SPF).
SK-1304,Гель-крем для жирной кожи,Nordic Pure,1490,да,Кремы,https://lumiere.example/p/SK-1304,"Невесомый матирующий гель-крем, не забивает поры.",moisturizer,"oily,combination","pores,breakouts","niacinamide,hyaluronic_acid",both,gel,50,,да,нет,нет,да,"Aqua, Glycerin, Caprylic/Capric Triglyceride, Cetearyl Alcohol, Squalane, Niacinamide, Sodium Hyaluronate, Xanthan Gum, Ethylhexylglycerin, Phenoxyethanol",Нанесите на очищенную кожу последним шагом ухода (утром — до SPF).
SK-1305,Успокаивающий флюид с центеллой,Sora Skin,1590,да,Кремы,https://lumiere.example/p/SK-1305,"Лёгкий флюид снимает раздражение, в том числе после бритья.",moisturizer,"oily,combination,sensitive","redness,breakouts","centella,panthenol",both,fluid,50,,да,нет,нет,да,"Aqua, Glycerin, Caprylic/Capric Triglyceride, Cetearyl Alcohol, Squalane, Centella Asiatica Extract, Madecassoside, Panthenol, Xanthan Gum, Ethylhexylglycerin, Phenoxyethanol",Нанесите на очищенную кожу последним шагом ухода (утром — до SPF).
SK-1306,Крем для чувствительной кожи без отдушек,Calmea,1790,да,Кремы,https://lumiere.example/p/SK-1306,Крем с минимальным составом для чувствительной и склонной к аллергии кожи.,moisturizer,"sensitive,dry,normal","redness,dehydration","ceramides,panthenol,centella",both,cream,50,,да,нет,нет,да,"Aqua, Glycerin, Caprylic/Capric Triglyceride, Cetearyl Alcohol, Squalane, Ceramide NP, Ceramide AP, Phytosphingosine, Panthenol, Centella Asiatica Extract, Madecassoside, Xanthan Gum, Ethylhexylglycerin, Phenoxyethanol",Нанесите на очищенную кожу последним шагом ухода (утром — до SPF).
SK-1307,Антивозрастной крем с пептидами,Dermalia,3290,да,Кремы,https://lumiere.example/p/SK-1307,Крем с пептидами для упругости и сглаживания мелких морщин.,moisturizer,"normal,dry,combination",aging,"peptides,hyaluronic_acid",both,cream,50,,да,нет,нет,да,"Aqua, Glycerin, Caprylic/Capric Triglyceride, Cetearyl Alcohol, Squalane, Palmitoyl Tripeptide-1, Palmitoyl Tetrapeptide-7, Sodium Hyaluronate, Xanthan Gum, Ethylhexylglycerin, Phenoxyethanol",Нанесите на очищенную кожу последним шагом ухода (утром — до SPF).
SK-1308,Ночной крем с ретинолом,Lumière Lab,2990,да,Кремы,https://lumiere.example/p/SK-1308,Ночной крем с ретинолом и пептидами.,moisturizer,"normal,combination,dry","aging,pigmentation","retinoid,peptides",pm,cream,50,,да,да,нет,да,"Aqua, Glycerin, Caprylic/Capric Triglyceride, Cetearyl Alcohol, Squalane, Retinol, Palmitoyl Tripeptide-1, Palmitoyl Tetrapeptide-7, Xanthan Gum, Ethylhexylglycerin, Phenoxyethanol",Нанесите на очищенную кожу последним шагом ухода (утром — до SPF). Днём обязательно используйте SPF. Не рекомендуется при беременности и кормлении.
SK-1309,Крем с розой и маслом жожоба,Verde Botanica,1990,да,Кремы,https://lumiere.example/p/SK-1309,Нежный крем с ароматом розы и эфирными маслами.,moisturizer,"dry,normal","dehydration,dullness",hyaluronic_acid,both,cream,50,,нет,нет,нет,да,"Aqua, Glycerin, Caprylic/Capric Triglyceride, Cetearyl Alcohol, Squalane, Sodium Hyaluronate, Simmondsia Chinensis Seed Oil, Rosa Damascena Flower Oil, Parfum, Citronellol, Geraniol, Xanthan Gum, Ethylhexylglycerin, Phenoxyethanol",Нанесите на очищенную кожу последним шагом ухода (утром — до SPF).
SK-1310,Лёгкий увлажняющий флюид,Aqualis,1290,да,Кремы,https://lumiere.example/p/SK-1310,Базовый увлажняющий флюид на каждый день.,moisturizer,"normal,combination",dehydration,"hyaluronic_acid,panthenol",both,fluid,50,,да,нет,нет,да,"Aqua, Glycerin, Caprylic/Capric Triglyceride, Cetearyl Alcohol, Squalane, Sodium Hyaluronate, Panthenol, Xanthan Gum, Ethylhexylglycerin, Phenoxyethanol",Нанесите на очищенную кожу последним шагом ухода (утром — до SPF).
SK-1311,Матирующий флюид для мужчин,Nordic Pure,1390,да,Кремы,https://lumiere.example/p/SK-1311,"Простой флюид: увлажняет, снимает блеск и раздражение после бритья.",moisturizer,"oily,combination","pores,redness","niacinamide,panthenol",both,fluid,75,,да,нет,нет,да,"Aqua, Glycerin, Caprylic/Capric Triglyceride, Cetearyl Alcohol, Squalane, Niacinamide, Panthenol, Xanthan Gum, Ethylhexylglycerin, Phenoxyethanol",Нанесите на очищенную кожу последним шагом ухода (утром — до SPF).
SK-1312,Крем с азелаиновой кислотой для кожи с покраснениями,Dermalia,2190,да,Кремы,https://lumiere.example/p/SK-1312,"Крем для кожи, склонной к покраснениям и высыпаниям.",moisturizer,"sensitive,combination,normal","redness,breakouts","azelaic_acid,ceramides",both,cream,40,,да,нет,да,да,"Aqua, Glycerin, Caprylic/Capric Triglyceride, Cetearyl Alcohol, Squalane, Azelaic Acid, Ceramide NP, Ceramide AP, Phytosphingosine, Xanthan Gum, Ethylhexylglycerin, Phenoxyethanol",Нанесите на очищенную кожу последним шагом ухода (утром — до SPF). Днём обязательно используйте SPF.
SK-1401,Солнцезащитный флюид SPF 50,Lumière Lab,1790,да,SPF,https://lumiere.example/p/SK-1401,"Невесомый флюид для жирной кожи, без белых следов.",spf,"oily,combination,normal",pigmentation,niacinamide,am,fluid,50,50,да,нет,нет,да,"Aqua, Ethylhexyl Salicylate, Bis-Ethylhexyloxyphenol Methoxyphenyl Triazine, Diethylamino Hydroxybenzoyl Hexyl Benzoate, Glycerin, Niacinamide, Xanthan Gum, Ethylhexylglycerin, Phenoxyethanol",Нанесите обильно последним шагом утреннего ухода за 15 минут до выхода; обновляйте каждые 2 часа на солнце.
SK-1402,Солнцезащитный крем SPF 50 для сухой кожи,Calmea,1890,да,SPF,https://lumiere.example/p/SK-1402,Увлажняющий крем с защитой SPF 50.,spf,"dry,normal,sensitive","dehydration,pigmentation","ceramides,hyaluronic_acid",am,cream,50,50,да,нет,нет,да,"Aqua, Ethylhexyl Salicylate, Bis-Ethylhexyloxyphenol Methoxyphenyl Triazine, Diethylamino Hydroxybenzoyl Hexyl Benzoate, Glycerin, Ceramide NP, Ceramide AP, Phytosphingosine, Sodium Hyaluronate, Xanthan Gum, Ethylhexylglycerin, Phenoxyethanol",Нанесите обильно последним шагом утреннего ухода за 15 минут до выхода; обновляйте каждые 2 часа на солнце.
SK-1403,Матирующий солнцезащитный гель SPF 30,Nordic Pure,1490,да,SPF,https://lumiere.example/p/SK-1403,Лёгкий гель с матирующим эффектом.,spf,"oily,combination",pores,niacinamide,am,gel,50,30,да,нет,нет,нет,"Aqua, Ethylhexyl Salicylate, Bis-Ethylhexyloxyphenol Methoxyphenyl Triazine, Diethylamino Hydroxybenzoyl Hexyl Benzoate, Glycerin, Niacinamide, Alcohol Denat., Xanthan Gum, Ethylhexylglycerin, Phenoxyethanol",Нанесите обильно последним шагом утреннего ухода за 15 минут до выхода; обновляйте каждые 2 часа на солнце.
SK-1404,Увлажняющий крем SPF 30,Aqualis,1390,да,SPF,https://lumiere.example/p/SK-1404,Дневной крем 2-в-1: увлажнение и защита SPF 30.,spf,"normal,dry,combination",dehydration,hyaluronic_acid,am,cream,50,30,да,нет,нет,да,"Aqua, Ethylhexyl Salicylate, Bis-Ethylhexyloxyphenol Methoxyphenyl Triazine, Diethylamino Hydroxybenzoyl Hexyl Benzoate, Glycerin, Sodium Hyaluronate, Xanthan Gum, Ethylhexylglycerin, Phenoxyethanol",Нанесите обильно последним шагом утреннего ухода за 15 минут до выхода; обновляйте каждые 2 часа на солнце.
SK-1405,Солнцезащитный флюид для чувствительной кожи SPF 50,Sora Skin,1990,да,SPF,https://lumiere.example/p/SK-1405,Флюид с центеллой для чувствительной кожи.,spf,"sensitive,oily,combination",redness,centella,am,fluid,50,50,да,нет,нет,да,"Aqua, Ethylhexyl Salicylate, Bis-Ethylhexyloxyphenol Methoxyphenyl Triazine, Diethylamino Hydroxybenzoyl Hexyl Benzoate, Glycerin, Centella Asiatica Extract, Madecassoside, Xanthan Gum, Ethylhexylglycerin, Phenoxyethanol",Нанесите обильно последним шагом утреннего ухода за 15 минут до выхода; обновляйте каждые 2 часа на солнце.
SK-1501,Глиняная маска для пор,Nordic Pure,1190,да,Маски,https://lumiere.example/p/SK-1501,Маска с каолином и салициловой кислотой для жирной кожи.,mask,"oily,combination","pores,breakouts",bha,pm,cream,75,,да,нет,да,да,"Aqua, Kaolin, Glycerin, Bentonite, Salicylic Acid, Xanthan Gum, Ethylhexylglycerin, Phenoxyethanol","Нанесите ровным слоем на 10 минут 1–2 раза в неделю, смойте водой. Днём обязательно используйте SPF."
SK-1502,Ночная увлажняющая маска,Aqualis,1590,да,Маски,https://lumiere.example/p/SK-1502,Несмываемая ночная маска для обезвоженной кожи.,mask,"dry,normal,sensitive",dehydration,"hyaluronic_acid,ceramides",pm,gel,75,,да,нет,нет,да,"Aqua, Kaolin, Glycerin, Bentonite, Sodium Hyaluronate, Ceramide NP, Ceramide AP, Phytosphingosine, Xanthan Gum, Ethylhexylglycerin, Phenoxyethanol","Нанесите ровным слоем на 10 минут 1–2 раза в неделю, смойте водой."
SK-1503,Успокаивающая маска с центеллой,Sora Skin,1290,да,Маски,https://lumiere.example/p/SK-1503,Маска для кожи с покраснениями и раздражением.,mask,"sensitive,dry,combination",redness,"centella,panthenol",pm,cream,75,,да,нет,нет,да,"Aqua, Kaolin, Glycerin, Bentonite, Centella Asiatica Extract, Madecassoside, Panthenol, Xanthan Gum, Ethylhexylglycerin, Phenoxyethanol","Нанесите ровным слоем на 10 минут 1–2 раза в неделю, смойте водой."
SK-1601,Крем для кожи вокруг глаз с пептидами,Dermalia,2390,да,Уход за кожей вокруг глаз,https://lumiere.example/p/SK-1601,"Крем для сухой кожи вокруг глаз, сглаживает мелкие морщинки.",eye,"dry,normal,sensitive","aging,dehydration","peptides,hyaluronic_acid",both,cream,15,,да,нет,нет,да,"Aqua, Glycerin, Caprylic/Capric Triglyceride, Butyrospermum Parkii Butter, Palmitoyl Tripeptide-1, Palmitoyl Tetrapeptide-7, Sodium Hyaluronate, Xanthan Gum, Ethylhexylglycerin, Phenoxyethanol",Распределите небольшое количество по контуру глаз похлопывающими движениями.
SK-1602,Гель для кожи вокруг глаз с кофеином,Nordic Pure,1490,да,Уход за кожей вокруг глаз,https://lumiere.example/p/SK-1602,Освежающий гель против отёчности.,eye,"normal,oily,combination",dullness,hyaluronic_acid,am,gel,15,,да,нет,нет,да,"Aqua, Glycerin, Caprylic/Capric Triglyceride, Butyrospermum Parkii Butter, Sodium Hyaluronate, Caffeine, Xanthan Gum, Ethylhexylglycerin, Phenoxyethanol",Распределите небольшое количество по контуру глаз похлопывающими движениями.
SK-1603,Восстанавливающий крем для век с керамидами,Calmea,1890,да,Уход за кожей вокруг глаз,https://lumiere.example/p/SK-1603,Плотный питательный крем для сухой и чувствительной кожи век.,eye,"dry,sensitive","dehydration,aging","ceramides,panthenol",both,cream,15,,да,нет,нет,да,"Aqua, Glycerin, Caprylic/Capric Triglyceride, Butyrospermum Parkii Butter, Ceramide NP, Ceramide AP, Phytosphingosine, Panthenol, Xanthan Gum, Ethylhexylglycerin, Phenoxyethanol",Распределите небольшое количество по контуру глаз похлопывающими движениями.
SK-1604,Ночной крем для глаз с ретинолом,Lumière Lab,2690,да,Уход за кожей вокруг глаз,https://lumiere.example/p/SK-1604,Ночной крем для век с инкапсулированным ретинолом.,eye,"normal,dry",aging,"retinoid,peptides",pm,cream,15,,да,да,нет,да,"Aqua, Glycerin, Caprylic/Capric Triglyceride, Butyrospermum Parkii Butter, Retinol, Palmitoyl Tripeptide-1, Palmitoyl Tetrapeptide-7, Xanthan Gum, Ethylhexylglycerin, Phenoxyethanol",Распределите небольшое количество по контуру глаз похлопывающими движениями. Днём обязательно используйте SPF. Не рекомендуется при беременности и кормлении.
SK-1701,Пилинг с гликолевой кислотой 7%,Dermalia,1990,да,Пилинги,https://lumiere.example/p/SK-1701,Отшелушивающий тоник-пилинг для ровного тона.,exfoliant,"normal,combination,oily","dullness,pigmentation",aha,pm,fluid,100,,да,нет,да,да,"Aqua, Glycerin, Propanediol, Sodium Hydroxide, Glycolic Acid, Lactic Acid, Xanthan Gum, Ethylhexylglycerin, Phenoxyethanol","Нанесите вечером на сухую очищенную кожу, не смывайте. Начинайте с 2 раз в неделю. Днём обязательно используйте SPF."
SK-1702,Мягкий пилинг с молочной кислотой,Calmea,1690,да,Пилинги,https://lumiere.example/p/SK-1702,Деликатный пилинг для сухой и чувствительной кожи.,exfoliant,"dry,normal,sensitive","dullness,dehydration","aha,panthenol",pm,gel,100,,да,нет,да,да,"Aqua, Glycerin, Propanediol, Sodium Hydroxide, Glycolic Acid, Lactic Acid, Panthenol, Xanthan Gum, Ethylhexylglycerin, Phenoxyethanol","Нанесите вечером на сухую очищенную кожу, не смывайте. Начинайте с 2 раз в неделю. Днём обязательно используйте SPF."
SK-1703,Пилинг с BHA 2% и цинком,Nordic Pure,1590,да,Пилинги,https://lumiere.example/p/SK-1703,Пилинг для жирной кожи с расширенными порами.,exfoliant,"oily,combination","pores,breakouts","bha,niacinamide",pm,fluid,100,,да,нет,да,да,"Aqua, Glycerin, Propanediol, Sodium Hydroxide, Salicylic Acid, Niacinamide, Zinc PCA, Xanthan Gum, Ethylhexylglycerin, Phenoxyethanol","Нанесите вечером на сухую очищенную кожу, не смывайте. Начинайте с 2 раз в неделю. Днём обязательно используйте SPF."
SK-1801,Масло-сквалан для лица,Verde Botanica,1690,да,Масла,https://lumiere.example/p/SK-1801,Стопроцентный растительный сквалан без отдушек.,oil,"dry,normal,sensitive",dehydration,,pm,oil,30,,да,нет,нет,да,"Squalane, Simmondsia Chinensis Seed Oil, Tocopherol, Xanthan Gum, Ethylhexylglycerin, Phenoxyethanol",Согрейте 2–3 капли в ладонях и прижмите к коже последним шагом вечернего ухода.
SK-1802,Восстанавливающее масло с розой,Verde Botanica,2190,да,Масла,https://lumiere.example/p/SK-1802,Смесь масел с эфирным маслом розы.,oil,"dry,normal","dullness,aging",,pm,oil,30,,нет,нет,нет,да,"Squalane, Simmondsia Chinensis Seed Oil, Tocopherol, Rosa Canina Fruit Oil, Rosa Damascena Flower Oil, Parfum, Xanthan Gum, Ethylhexylglycerin, Phenoxyethanol",Согрейте 2–3 капли в ладонях и прижмите к коже последним шагом вечернего ухода.
SK-1901,Крем-гель с ниацинамидом и центеллой,Sora Skin,1690,да,Кремы,https://lumiere.example/p/SK-1901,Лёгкий крем для жирной кожи со склонностью к высыпаниям.,moisturizer,"oily,combination,sensitive","breakouts,redness,pores","niacinamide,centella",both,gel,50,,да,нет,нет,да,"Aqua, Glycerin, Caprylic/Capric Triglyceride, Cetearyl Alcohol, Squalane, Niacinamide, Centella Asiatica Extract, Madecassoside, Xanthan Gum, Ethylhexylglycerin, Phenoxyethanol",Нанесите на очищенную кожу последним шагом ухода (утром — до SPF).
SK-1902,Сыворотка для сияния с ниацинамидом и арбутином,Aqualis,1890,да,Сыворотки,https://lumiere.example/p/SK-1902,Сыворотка без ретиноидов и кислот для тусклой кожи и пигментации.,serum,"normal,dry,combination,sensitive","dullness,pigmentation",niacinamide,both,fluid,30,,да,нет,нет,да,"Aqua, Glycerin, Propanediol, Pentylene Glycol, Niacinamide, Alpha-Arbutin, Xanthan Gum, Ethylhexylglycerin, Phenoxyethanol",Нанесите 2–3 капли на очищенную кожу до крема.
SK-1903,Пенка для умывания с керамидами,Calmea,990,да,Очищение,https://lumiere.example/p/SK-1903,Мягкая пенка для нормальной кожи на каждый день.,cleanser,"normal,dry,combination",dehydration,ceramides,both,foam,150,,да,нет,нет,да,"Aqua, Sodium Cocoyl Glycinate, Coco-Glucoside, Glycerin, Ceramide NP, Ceramide AP, Phytosphingosine, Xanthan Gum, Ethylhexylglycerin, Phenoxyethanol","Нанесите на влажную кожу, помассируйте 30–60 секунд, смойте тёплой водой."
SK-1904,Крем для нормальной кожи с пантенолом,Lumière Lab,1490,да,Кремы,https://lumiere.example/p/SK-1904,Простой базовый крем для нормальной кожи.,moisturizer,"normal,combination",dehydration,"panthenol,hyaluronic_acid",both,cream,50,,да,нет,нет,да,"Aqua, Glycerin, Caprylic/Capric Triglyceride, Cetearyl Alcohol, Squalane, Panthenol, Sodium Hyaluronate, Xanthan Gum, Ethylhexylglycerin, Phenoxyethanol",Нанесите на очищенную кожу последним шагом ухода (утром — до SPF).
SK-1905,Солнцезащитный стик SPF 50,Sora Skin,1290,нет,SPF,https://lumiere.example/p/SK-1905,Компактный стик для обновления защиты в течение дня.,spf,"normal,combination,oily",pigmentation,,am,balm,15,50,да,нет,нет,да,"Aqua, Ethylhexyl Salicylate, Bis-Ethylhexyloxyphenol Methoxyphenyl Triazine, Diethylamino Hydroxybenzoyl Hexyl Benzoate, Glycerin, Xanthan Gum, Ethylhexylglycerin, Phenoxyethanol",Нанесите обильно последним шагом утреннего ухода за 15 минут до выхода; обновляйте каждые 2 часа на солнце.
SK-1906,"Сыворотка с ретинальдегидом 0,05%",Nordic Pure,3190,да,Сыворотки,https://lumiere.example/p/SK-1906,Сыворотка с ретинальдегидом для работы с признаками старения.,serum,"normal,combination","aging,pigmentation","retinoid,niacinamide",pm,fluid,30,,да,да,нет,да,"Aqua, Glycerin, Propanediol, Pentylene Glycol, Retinol, Niacinamide, Xanthan Gum, Ethylhexylglycerin, Phenoxyethanol",Нанесите 2–3 капли на очищенную кожу до крема. Днём обязательно используйте SPF. Не рекомендуется при беременности и кормлении.
SK-1907,Энзимная пудра для умывания,Dermalia,1390,да,Очищение,https://lumiere.example/p/SK-1907,"Пудра с папаином, при смешивании с водой превращается в мягкую пену.",cleanser,"normal,combination,oily,sensitive","dullness,pores",,both,foam,50,,да,нет,нет,да,"Aqua, Sodium Cocoyl Glycinate, Coco-Glucoside, Glycerin, Papain, Xanthan Gum, Ethylhexylglycerin, Phenoxyethanol","Нанесите на влажную кожу, помассируйте 30–60 секунд, смойте тёплой водой."
